id,category,question,aliases,answer,source
SEC-001,Encryption,Do you encrypt customer data at rest?,Is data encrypted when stored?|What encryption is used for stored data and databases?,"Yes. All customer data at rest is encrypted with AES-256 using keys managed in AWS KMS, with automatic annual key rotation.",Security Whitepaper v3.2
SEC-002,Encryption,Is data encrypted in transit?,What TLS version do you support?|How is data protected in transit over the network?,"Yes. All data in transit is encrypted using TLS 1.2 or higher. Older protocols (SSL, TLS 1.0/1.1) are disabled.",Security Whitepaper v3.2
SEC-003,Encryption,Do you support customer-managed encryption keys (BYOK)?,Can customers bring their own key?|Do you support customer managed keys?,No. Encryption keys are managed by us in AWS KMS. Customer-managed keys are on the product roadmap but not currently available.,Product FAQ 2026
IAM-001,Identity & Access,Do you support SAML-based single sign-on (SSO)?,,"Yes. We support SAML 2.0 SSO with any compliant identity provider, including Okta, Microsoft Entra ID (Azure AD) and Google Workspace. SSO is included on Enterprise plans.",Admin Guide
IAM-002,Identity & Access,Do you support multi-factor authentication (MFA)?,Do you support two-factor authentication?|Can admins require MFA for all users?,"Yes. MFA via authenticator app (TOTP) is available to all users and can be enforced organization-wide by administrators. When SSO is enabled, MFA is enforced by the customer's identity provider.",Admin Guide
IAM-003,Identity & Access,Do you support SCIM for automated user provisioning?,,Yes. SCIM 2.0 provisioning and deprovisioning is supported for Okta and Microsoft Entra ID on Enterprise plans.,Admin Guide
IAM-004,Identity & Access,Does the application support role-based access control?,,"Yes. The application provides role-based access control with Admin, Manager, Technician and Read-only roles, plus custom roles on Enterprise plans.",Admin Guide
IAM-005,Identity & Access,How is employee access to production systems controlled?,How do your employees access production?|Who has access to production systems?,"Production access is limited to on-call engineers, requires SSO with hardware-key MFA, is granted on a least-privilege basis and is reviewed quarterly. All access is logged.",Access Control Policy
CMP-001,Compliance,Do you have a SOC 2 Type II report?,Can you share your SOC 2 report?|Are you SOC 2 audited?,"Yes. We complete an annual SOC 2 Type II audit covering the Security, Availability and Confidentiality trust services criteria. The latest report is available under NDA.",SOC 2 Type II 2026
CMP-002,Compliance,Are you ISO 27001 certified?,,No. We are not currently ISO 27001 certified. Our controls are independently audited annually through our SOC 2 Type II report.,Compliance Overview
CMP-003,Compliance,Are you GDPR compliant?,,"Yes. We act as a data processor under GDPR, offer a Data Processing Addendum with Standard Contractual Clauses, and support data subject access and deletion requests.",DPA v2
CMP-004,Compliance,Do you sign a HIPAA Business Associate Agreement (BAA)?,Are you HIPAA compliant?|Will you sign a BAA?,"No. The platform is not designed to store protected health information (PHI), and we do not sign BAAs.",Compliance Overview
OPS-001,Resilience,Do you perform regular backups?,How often do you back up data?|What is your backup retention period?,"Yes. Production databases are backed up continuously with point-in-time recovery, and full snapshots are taken daily and retained for 35 days in a separate AWS region.",BC/DR Plan
OPS-002,Resilience,Do you have a disaster recovery plan? What are your RTO and RPO?,What are your recovery time and recovery point objectives?,Yes. We maintain a documented disaster recovery plan that is tested annually. Our recovery time objective (RTO) is 4 hours and recovery point objective (RPO) is 15 minutes.,BC/DR Plan
OPS-003,Resilience,What is your uptime SLA?,What availability do you guarantee?|What is your service level agreement?,"We commit to 99.9% monthly uptime for Enterprise plans, with service credits defined in the SLA. Current and historical status is published on our public status page.",Master Subscription Agreement
OPS-004,Hosting,Where is customer data hosted?,Which regions is data stored in?|What is your data residency?|Which cloud provider do you use?,"Customer data is hosted in AWS. Customers choose a US (us-east-1) or Canada (ca-central-1) region at onboarding, and data stays in the selected region.",Security Whitepaper v3.2
SEC-004,Testing,Do you conduct third-party penetration testing?,How often do you perform pen tests?|When was your most recent penetration test?,Yes. An independent firm performs a penetration test of the application and infrastructure at least annually. An executive summary is available under NDA.,Pen Test Summary 2026
SEC-005,Testing,Do you have a vulnerability management program?,,"Yes. We run continuous dependency and container scanning, weekly infrastructure scans, and remediate critical vulnerabilities within 7 days and high within 30 days.",Vulnerability Management Policy
SEC-006,Incident Response,Do you have an incident response plan?,,Yes. We maintain a documented incident response plan that is tested at least annually through tabletop exercises.,Incident Response Policy
SEC-007,Incident Response,How quickly will you notify customers of a security breach?,What is your breach notification timeline?|How soon are customers notified of an incident?,We notify affected customers without undue delay and no later than 72 hours after confirming a security incident involving their data.,DPA v2
SEC-008,Logging,Do you provide audit logs to customers?,,"Yes. Administrators can view and export audit logs of user logins, permission changes and record edits. Logs are retained for 1 year.",Admin Guide
HR-001,People,Do employees undergo background checks?,Do you perform employee background screening?,"Yes. All employees undergo background checks prior to hire, where permitted by local law.",HR Security Policy
HR-002,People,Do employees receive security awareness training?,,"Yes. All employees complete security awareness training at onboarding and annually thereafter, plus periodic phishing simulations.",HR Security Policy
VND-001,Vendors,Do you use subprocessors?,,"Yes. We use a limited set of subprocessors, including AWS for hosting. A current list is published on our website and customers are notified 30 days before new subprocessors are added.",Subprocessor List
DAT-001,Data,What happens to customer data when the contract ends?,How is data deleted after termination?|What is your data retention and deletion policy?,"Customers can export their data at any time. After termination, customer data is deleted from production within 30 days and from backups within 35 days.",DPA v2
